,name,train_acc,val_acc,test_acc
0,random_forest_model_search2,0.9333621846607413,0.7689190391391694,0.759581881533101
1,log_reg_model_search2,0.6363990159004165,0.630750198105484,0.5993031358885017
2,xgb_model_search2,0.9688014564133617,0.7551523939068325,0.7804878048780488
