,name,train_acc,val_acc,test_acc
0,random_forest_model_search,0.9498711000026031,0.807039703154762,0.8292682926829268
1,log_reg_model_search,0.7877827642676709,0.7716760951056368,0.7839721254355401
2,xgb_model_search,0.9785604593354356,0.8367153907436609,0.8466898954703833
