,name,train_acc,val_acc,test_acc
0,xgb_base,0.967210361851255,0.7882132867949021,0.818815331010453
1,xgb_base_nrom,0.942913387695361,0.7671617538288363,0.7560975609756098
